{
  "0": {
    "stat": 222938,
    "sum": 3.462682604789734,
    "statPreSel": 183798,
    "sumPreSel": 2.8547585010528564,
    "statSel": 90483,
    "sumSel": 1.4053858518600464,
    "name": "Signal",
    "effPreSel": 0.8244355105212443,
    "effSel": 0.4058662061362642
  },
  "1": {
    "stat": 1605801,
    "sum": 64.61679390072823,
    "statPreSel": 316054,
    "sumPreSel": 8.32406833767891,
    "statSel": 135178,
    "sumSel": 1.9548580646514893,
    "name": "Other higgs->WW*",
    "effPreSel": 0.1288220574742118,
    "effSel": 0.030253095931295628
  },
  "2": {
    "stat": 3979593,
    "sum": 248.6568284779787,
    "statPreSel": 1286281,
    "sumPreSel": 69.95162010192871,
    "statSel": 73091,
    "sumSel": 3.408186674118042,
    "name": "Other higgs",
    "effPreSel": 0.2813179132465437,
    "effSel": 0.013706386810205272
  },
  "5": {
    "stat": 3779215,
    "sum": 12982.876892089844,
    "statPreSel": 45167,
    "sumPreSel": 156.32806396484375,
    "statSel": 0,
    "sumSel": 0.0,
    "name": "2 fermions leptonic",
    "effPreSel": 0.012041095765152846,
    "effSel": 0.0
  },
  "6": {
    "stat": 4150025,
    "sum": 77324.19494628906,
    "statPreSel": 2852761,
    "sumPreSel": 50822.109924316406,
    "statSel": 12,
    "sumSel": 0.29938820004463196,
    "name": "2 fermions hadronic",
    "effPreSel": 0.6572601235566495,
    "effSel": 3.8718566711569774e-06
  },
  "8": {
    "stat": 2306459,
    "sum": 16800.4891204834,
    "statPreSel": 214848,
    "sumPreSel": 1399.336898803711,
    "statSel": 9,
    "sumSel": 0.06658581644296646,
    "name": "4 fermions hadronic",
    "effPreSel": 0.08329143805090884,
    "effSel": 3.9633260654169924e-06
  },
  "9": {
    "stat": 9137424,
    "sum": 19529.043018341064,
    "statPreSel": 3106073,
    "sumPreSel": 2455.89754486084,
    "statSel": 19471,
    "sumSel": 14.948022842407227,
    "name": "4 fermions semileptonic",
    "effPreSel": 0.12575616442415216,
    "effSel": 0.00076542526064224
  },
  "7": {
    "stat": 16713304,
    "sum": 10423.670810580254,
    "statPreSel": 351406,
    "sumPreSel": 288.9307287931442,
    "statSel": 6,
    "sumSel": 0.0015733061591163278,
    "name": "4 fermions leptonic",
    "effPreSel": 0.027718711962763945,
    "effSel": 1.509359023041468e-07
  }
}